CameraDir,TargetDir,Angle
1,-1,-35.42857
1,1,51.42857
-1,0,-43.42857
-1,1,45.71429
